index;question;answer
9595; İş yerindeki bir grup için bir ekip oluşturma etkinliği oluşturun. ;"Harika bir ekip oluşturma etkinliği, sinema salonları veya ""Bu melodiyi adlandırın"" gibi bir grup oyunu oynamak olacaktır. Ayrıca çöpçü avı veya parkta piknik gibi açık hava etkinlikleri de yapabilirsiniz. Ayrıca grubun birlikte tamamlaması için bir proje tasarlayabilir veya her ekip üyesine tamamlaması için bir görev atayabilir ve grubun bir sorunu çözmek için bir sunum hazırlamasını sağlayabilirsiniz."
9595; İş yerindeki bir grup için bir ekip oluşturma etkinliği oluşturun. ;"Harika bir ekip oluşturma etkinliği, sinema salonları veya ""Bu melodiyi adlandırın"" gibi bir grup oyunu oynamak olacaktır. Ayrıca çöpçü avı veya parkta piknik gibi açık hava etkinlikleri de yapabilirsiniz. Ayrıca grubun birlikte tamamlaması için bir proje tasarlayabilir veya her ekip üyesine tamamlaması için bir görev atayabilir ve grubun bir sorunu çözmek için bir sunum hazırlamasını sağlayabilirsiniz."
9595; İş yerindeki bir grup için bir ekip oluşturma etkinliği oluşturun. ;"Harika bir ekip oluşturma etkinliği, sinema salonları veya ""Bu melodiyi adlandırın"" gibi bir grup oyunu oynamak olacaktır. Ayrıca çöpçü avı veya parkta piknik gibi açık hava etkinlikleri de yapabilirsiniz. Ayrıca grubun birlikte tamamlaması için bir proje tasarlayabilir veya her ekip üyesine tamamlaması için bir görev atayabilir ve grubun bir sorunu çözmek için bir sunum hazırlamasını sağlayabilirsiniz."
9595; İş yerindeki bir grup için bir ekip oluşturma etkinliği oluşturun. ;"Harika bir ekip oluşturma etkinliği, sinema salonları veya ""Bu melodiyi adlandırın"" gibi bir grup oyunu oynamak olacaktır. Ayrıca çöpçü avı veya parkta piknik gibi açık hava etkinlikleri de yapabilirsiniz. Ayrıca grubun birlikte tamamlaması için bir proje tasarlayabilir veya her ekip üyesine tamamlaması için bir görev atayabilir ve grubun bir sorunu çözmek için bir sunum hazırlamasını sağlayabilirsiniz."
9595; İş yerindeki bir grup için bir ekip oluşturma etkinliği oluşturun. ;"Harika bir ekip oluşturma etkinliği, sinema salonları veya ""Bu melodiyi adlandırın"" gibi bir grup oyunu oynamak olacaktır. Ayrıca çöpçü avı veya parkta piknik gibi açık hava etkinlikleri de yapabilirsiniz. Ayrıca grubun birlikte tamamlaması için bir proje tasarlayabilir veya her ekip üyesine tamamlaması için bir görev atayabilir ve grubun bir sorunu çözmek için bir sunum hazırlamasını sağlayabilirsiniz."
9595; İş yerindeki bir grup için bir ekip oluşturma etkinliği oluşturun. ;"Harika bir ekip oluşturma etkinliği, sinema salonları veya ""Bu melodiyi adlandırın"" gibi bir grup oyunu oynamak olacaktır. Ayrıca çöpçü avı veya parkta piknik gibi açık hava etkinlikleri de yapabilirsiniz. Ayrıca grubun birlikte tamamlaması için bir proje tasarlayabilir veya her ekip üyesine tamamlaması için bir görev atayabilir ve grubun bir sorunu çözmek için bir sunum hazırlamasını sağlayabilirsiniz."
9595; İş yerindeki bir grup için bir ekip oluşturma etkinliği oluşturun. ;"Harika bir ekip oluşturma etkinliği, sinema salonları veya ""Bu melodiyi adlandırın"" gibi bir grup oyunu oynamak olacaktır. Ayrıca çöpçü avı veya parkta piknik gibi açık hava etkinlikleri de yapabilirsiniz. Ayrıca grubun birlikte tamamlaması için bir proje tasarlayabilir veya her ekip üyesine tamamlaması için bir görev atayabilir ve grubun bir sorunu çözmek için bir sunum hazırlamasını sağlayabilirsiniz."
9595; İş yerindeki bir grup için bir ekip oluşturma etkinliği oluşturun. ;"Harika bir ekip oluşturma etkinliği, sinema salonları veya ""Bu melodiyi adlandırın"" gibi bir grup oyunu oynamak olacaktır. Ayrıca çöpçü avı veya parkta piknik gibi açık hava etkinlikleri de yapabilirsiniz. Ayrıca grubun birlikte tamamlaması için bir proje tasarlayabilir veya her ekip üyesine tamamlaması için bir görev atayabilir ve grubun bir sorunu çözmek için bir sunum hazırlamasını sağlayabilirsiniz."
9595; İş yerindeki bir grup için bir ekip oluşturma etkinliği oluşturun. ;"Harika bir ekip oluşturma etkinliği, sinema salonları veya ""Bu melodiyi adlandırın"" gibi bir grup oyunu oynamak olacaktır. Ayrıca çöpçü avı veya parkta piknik gibi açık hava etkinlikleri de yapabilirsiniz. Ayrıca grubun birlikte tamamlaması için bir proje tasarlayabilir veya her ekip üyesine tamamlaması için bir görev atayabilir ve grubun bir sorunu çözmek için bir sunum hazırlamasını sağlayabilirsiniz."
9595; İş yerindeki bir grup için bir ekip oluşturma etkinliği oluşturun. ;"Harika bir ekip oluşturma etkinliği, sinema salonları veya ""Bu melodiyi adlandırın"" gibi bir grup oyunu oynamak olacaktır. Ayrıca çöpçü avı veya parkta piknik gibi açık hava etkinlikleri de yapabilirsiniz. Ayrıca grubun birlikte tamamlaması için bir proje tasarlayabilir veya her ekip üyesine tamamlaması için bir görev atayabilir ve grubun bir sorunu çözmek için bir sunum hazırlamasını sağlayabilirsiniz."
9595; İş yerindeki bir grup için bir ekip oluşturma etkinliği oluşturun. ;"Harika bir ekip oluşturma etkinliği, sinema salonları veya ""Bu melodiyi adlandırın"" gibi bir grup oyunu oynamak olacaktır. Ayrıca çöpçü avı veya parkta piknik gibi açık hava etkinlikleri de yapabilirsiniz. Ayrıca grubun birlikte tamamlaması için bir proje tasarlayabilir veya her ekip üyesine tamamlaması için bir görev atayabilir ve grubun bir sorunu çözmek için bir sunum hazırlamasını sağlayabilirsiniz."
9595; İş yerindeki bir grup için bir ekip oluşturma etkinliği oluşturun. ;"Harika bir ekip oluşturma etkinliği, sinema salonları veya ""Bu melodiyi adlandırın"" gibi bir grup oyunu oynamak olacaktır. Ayrıca çöpçü avı veya parkta piknik gibi açık hava etkinlikleri de yapabilirsiniz. Ayrıca grubun birlikte tamamlaması için bir proje tasarlayabilir veya her ekip üyesine tamamlaması için bir görev atayabilir ve grubun bir sorunu çözmek için bir sunum hazırlamasını sağlayabilirsiniz."
9595; İş yerindeki bir grup için bir ekip oluşturma etkinliği oluşturun. ;"Harika bir ekip oluşturma etkinliği, sinema salonları veya ""Bu melodiyi adlandırın"" gibi bir grup oyunu oynamak olacaktır. Ayrıca çöpçü avı veya parkta piknik gibi açık hava etkinlikleri de yapabilirsiniz. Ayrıca grubun birlikte tamamlaması için bir proje tasarlayabilir veya her ekip üyesine tamamlaması için bir görev atayabilir ve grubun bir sorunu çözmek için bir sunum hazırlamasını sağlayabilirsiniz."
9595; İş yerindeki bir grup için bir ekip oluşturma etkinliği oluşturun. ;"Harika bir ekip oluşturma etkinliği, sinema salonları veya ""Bu melodiyi adlandırın"" gibi bir grup oyunu oynamak olacaktır. Ayrıca çöpçü avı veya parkta piknik gibi açık hava etkinlikleri de yapabilirsiniz. Ayrıca grubun birlikte tamamlaması için bir proje tasarlayabilir veya her ekip üyesine tamamlaması için bir görev atayabilir ve grubun bir sorunu çözmek için bir sunum hazırlamasını sağlayabilirsiniz."
9595; İş yerindeki bir grup için bir ekip oluşturma etkinliği oluşturun. ;"Harika bir ekip oluşturma etkinliği, sinema salonları veya ""Bu melodiyi adlandırın"" gibi bir grup oyunu oynamak olacaktır. Ayrıca çöpçü avı veya parkta piknik gibi açık hava etkinlikleri de yapabilirsiniz. Ayrıca grubun birlikte tamamlaması için bir proje tasarlayabilir veya her ekip üyesine tamamlaması için bir görev atayabilir ve grubun bir sorunu çözmek için bir sunum hazırlamasını sağlayabilirsiniz."
9595; İş yerindeki bir grup için bir ekip oluşturma etkinliği oluşturun. ;"Harika bir ekip oluşturma etkinliği, sinema salonları veya ""Bu melodiyi adlandırın"" gibi bir grup oyunu oynamak olacaktır. Ayrıca çöpçü avı veya parkta piknik gibi açık hava etkinlikleri de yapabilirsiniz. Ayrıca grubun birlikte tamamlaması için bir proje tasarlayabilir veya her ekip üyesine tamamlaması için bir görev atayabilir ve grubun bir sorunu çözmek için bir sunum hazırlamasını sağlayabilirsiniz."
9595; İş yerindeki bir grup için bir ekip oluşturma etkinliği oluşturun. ;"Harika bir ekip oluşturma etkinliği, sinema salonları veya ""Bu melodiyi adlandırın"" gibi bir grup oyunu oynamak olacaktır. Ayrıca çöpçü avı veya parkta piknik gibi açık hava etkinlikleri de yapabilirsiniz. Ayrıca grubun birlikte tamamlaması için bir proje tasarlayabilir veya her ekip üyesine tamamlaması için bir görev atayabilir ve grubun bir sorunu çözmek için bir sunum hazırlamasını sağlayabilirsiniz."
9595; İş yerindeki bir grup için bir ekip oluşturma etkinliği oluşturun. ;"Harika bir ekip oluşturma etkinliği, sinema salonları veya ""Bu melodiyi adlandırın"" gibi bir grup oyunu oynamak olacaktır. Ayrıca çöpçü avı veya parkta piknik gibi açık hava etkinlikleri de yapabilirsiniz. Ayrıca grubun birlikte tamamlaması için bir proje tasarlayabilir veya her ekip üyesine tamamlaması için bir görev atayabilir ve grubun bir sorunu çözmek için bir sunum hazırlamasını sağlayabilirsiniz."
9595; İş yerindeki bir grup için bir ekip oluşturma etkinliği oluşturun. ;"Harika bir ekip oluşturma etkinliği, sinema salonları veya ""Bu melodiyi adlandırın"" gibi bir grup oyunu oynamak olacaktır. Ayrıca çöpçü avı veya parkta piknik gibi açık hava etkinlikleri de yapabilirsiniz. Ayrıca grubun birlikte tamamlaması için bir proje tasarlayabilir veya her ekip üyesine tamamlaması için bir görev atayabilir ve grubun bir sorunu çözmek için bir sunum hazırlamasını sağlayabilirsiniz."
9595; İş yerindeki bir grup için bir ekip oluşturma etkinliği oluşturun. ;"Harika bir ekip oluşturma etkinliği, sinema salonları veya ""Bu melodiyi adlandırın"" gibi bir grup oyunu oynamak olacaktır. Ayrıca çöpçü avı veya parkta piknik gibi açık hava etkinlikleri de yapabilirsiniz. Ayrıca grubun birlikte tamamlaması için bir proje tasarlayabilir veya her ekip üyesine tamamlaması için bir görev atayabilir ve grubun bir sorunu çözmek için bir sunum hazırlamasını sağlayabilirsiniz."
9595; İş yerindeki bir grup için bir ekip oluşturma etkinliği oluşturun. ;"Harika bir ekip oluşturma etkinliği, sinema salonları veya ""Bu melodiyi adlandırın"" gibi bir grup oyunu oynamak olacaktır. Ayrıca çöpçü avı veya parkta piknik gibi açık hava etkinlikleri de yapabilirsiniz. Ayrıca grubun birlikte tamamlaması için bir proje tasarlayabilir veya her ekip üyesine tamamlaması için bir görev atayabilir ve grubun bir sorunu çözmek için bir sunum hazırlamasını sağlayabilirsiniz."
9595; İş yerindeki bir grup için bir ekip oluşturma etkinliği oluşturun. ;"Harika bir ekip oluşturma etkinliği, sinema salonları veya ""Bu melodiyi adlandırın"" gibi bir grup oyunu oynamak olacaktır. Ayrıca çöpçü avı veya parkta piknik gibi açık hava etkinlikleri de yapabilirsiniz. Ayrıca grubun birlikte tamamlaması için bir proje tasarlayabilir veya her ekip üyesine tamamlaması için bir görev atayabilir ve grubun bir sorunu çözmek için bir sunum hazırlamasını sağlayabilirsiniz."
9595; İş yerindeki bir grup için bir ekip oluşturma etkinliği oluşturun. ;"Harika bir ekip oluşturma etkinliği, sinema salonları veya ""Bu melodiyi adlandırın"" gibi bir grup oyunu oynamak olacaktır. Ayrıca çöpçü avı veya parkta piknik gibi açık hava etkinlikleri de yapabilirsiniz. Ayrıca grubun birlikte tamamlaması için bir proje tasarlayabilir veya her ekip üyesine tamamlaması için bir görev atayabilir ve grubun bir sorunu çözmek için bir sunum hazırlamasını sağlayabilirsiniz."
9595; İş yerindeki bir grup için bir ekip oluşturma etkinliği oluşturun. ;"Harika bir ekip oluşturma etkinliği, sinema salonları veya ""Bu melodiyi adlandırın"" gibi bir grup oyunu oynamak olacaktır. Ayrıca çöpçü avı veya parkta piknik gibi açık hava etkinlikleri de yapabilirsiniz. Ayrıca grubun birlikte tamamlaması için bir proje tasarlayabilir veya her ekip üyesine tamamlaması için bir görev atayabilir ve grubun bir sorunu çözmek için bir sunum hazırlamasını sağlayabilirsiniz."
9595; İş yerindeki bir grup için bir ekip oluşturma etkinliği oluşturun. ;"Harika bir ekip oluşturma etkinliği, sinema salonları veya ""Bu melodiyi adlandırın"" gibi bir grup oyunu oynamak olacaktır. Ayrıca çöpçü avı veya parkta piknik gibi açık hava etkinlikleri de yapabilirsiniz. Ayrıca grubun birlikte tamamlaması için bir proje tasarlayabilir veya her ekip üyesine tamamlaması için bir görev atayabilir ve grubun bir sorunu çözmek için bir sunum hazırlamasını sağlayabilirsiniz."
9595; İş yerindeki bir grup için bir ekip oluşturma etkinliği oluşturun. ;"Harika bir ekip oluşturma etkinliği, sinema salonları veya ""Bu melodiyi adlandırın"" gibi bir grup oyunu oynamak olacaktır. Ayrıca çöpçü avı veya parkta piknik gibi açık hava etkinlikleri de yapabilirsiniz. Ayrıca grubun birlikte tamamlaması için bir proje tasarlayabilir veya her ekip üyesine tamamlaması için bir görev atayabilir ve grubun bir sorunu çözmek için bir sunum hazırlamasını sağlayabilirsiniz."
9595; İş yerindeki bir grup için bir ekip oluşturma etkinliği oluşturun. ;"Harika bir ekip oluşturma etkinliği, sinema salonları veya ""Bu melodiyi adlandırın"" gibi bir grup oyunu oynamak olacaktır. Ayrıca çöpçü avı veya parkta piknik gibi açık hava etkinlikleri de yapabilirsiniz. Ayrıca grubun birlikte tamamlaması için bir proje tasarlayabilir veya her ekip üyesine tamamlaması için bir görev atayabilir ve grubun bir sorunu çözmek için bir sunum hazırlamasını sağlayabilirsiniz."
9595; İş yerindeki bir grup için bir ekip oluşturma etkinliği oluşturun. ;"Harika bir ekip oluşturma etkinliği, sinema salonları veya ""Bu melodiyi adlandırın"" gibi bir grup oyunu oynamak olacaktır. Ayrıca çöpçü avı veya parkta piknik gibi açık hava etkinlikleri de yapabilirsiniz. Ayrıca grubun birlikte tamamlaması için bir proje tasarlayabilir veya her ekip üyesine tamamlaması için bir görev atayabilir ve grubun bir sorunu çözmek için bir sunum hazırlamasını sağlayabilirsiniz."
9595; İş yerindeki bir grup için bir ekip oluşturma etkinliği oluşturun. ;"Harika bir ekip oluşturma etkinliği, sinema salonları veya ""Bu melodiyi adlandırın"" gibi bir grup oyunu oynamak olacaktır. Ayrıca çöpçü avı veya parkta piknik gibi açık hava etkinlikleri de yapabilirsiniz. Ayrıca grubun birlikte tamamlaması için bir proje tasarlayabilir veya her ekip üyesine tamamlaması için bir görev atayabilir ve grubun bir sorunu çözmek için bir sunum hazırlamasını sağlayabilirsiniz."
9595; İş yerindeki bir grup için bir ekip oluşturma etkinliği oluşturun. ;"Harika bir ekip oluşturma etkinliği, sinema salonları veya ""Bu melodiyi adlandırın"" gibi bir grup oyunu oynamak olacaktır. Ayrıca çöpçü avı veya parkta piknik gibi açık hava etkinlikleri de yapabilirsiniz. Ayrıca grubun birlikte tamamlaması için bir proje tasarlayabilir veya her ekip üyesine tamamlaması için bir görev atayabilir ve grubun bir sorunu çözmek için bir sunum hazırlamasını sağlayabilirsiniz."
9595; İş yerindeki bir grup için bir ekip oluşturma etkinliği oluşturun. ;"Harika bir ekip oluşturma etkinliği, sinema salonları veya ""Bu melodiyi adlandırın"" gibi bir grup oyunu oynamak olacaktır. Ayrıca çöpçü avı veya parkta piknik gibi açık hava etkinlikleri de yapabilirsiniz. Ayrıca grubun birlikte tamamlaması için bir proje tasarlayabilir veya her ekip üyesine tamamlaması için bir görev atayabilir ve grubun bir sorunu çözmek için bir sunum hazırlamasını sağlayabilirsiniz."
9595; İş yerindeki bir grup için bir ekip oluşturma etkinliği oluşturun. ;"Harika bir ekip oluşturma etkinliği, sinema salonları veya ""Bu melodiyi adlandırın"" gibi bir grup oyunu oynamak olacaktır. Ayrıca çöpçü avı veya parkta piknik gibi açık hava etkinlikleri de yapabilirsiniz. Ayrıca grubun birlikte tamamlaması için bir proje tasarlayabilir veya her ekip üyesine tamamlaması için bir görev atayabilir ve grubun bir sorunu çözmek için bir sunum hazırlamasını sağlayabilirsiniz."
9595; İş yerindeki bir grup için bir ekip oluşturma etkinliği oluşturun. ;"Harika bir ekip oluşturma etkinliği, sinema salonları veya ""Bu melodiyi adlandırın"" gibi bir grup oyunu oynamak olacaktır. Ayrıca çöpçü avı veya parkta piknik gibi açık hava etkinlikleri de yapabilirsiniz. Ayrıca grubun birlikte tamamlaması için bir proje tasarlayabilir veya her ekip üyesine tamamlaması için bir görev atayabilir ve grubun bir sorunu çözmek için bir sunum hazırlamasını sağlayabilirsiniz."
9595; İş yerindeki bir grup için bir ekip oluşturma etkinliği oluşturun. ;"Harika bir ekip oluşturma etkinliği, sinema salonları veya ""Bu melodiyi adlandırın"" gibi bir grup oyunu oynamak olacaktır. Ayrıca çöpçü avı veya parkta piknik gibi açık hava etkinlikleri de yapabilirsiniz. Ayrıca grubun birlikte tamamlaması için bir proje tasarlayabilir veya her ekip üyesine tamamlaması için bir görev atayabilir ve grubun bir sorunu çözmek için bir sunum hazırlamasını sağlayabilirsiniz."
9595; İş yerindeki bir grup için bir ekip oluşturma etkinliği oluşturun. ;"Harika bir ekip oluşturma etkinliği, sinema salonları veya ""Bu melodiyi adlandırın"" gibi bir grup oyunu oynamak olacaktır. Ayrıca çöpçü avı veya parkta piknik gibi açık hava etkinlikleri de yapabilirsiniz. Ayrıca grubun birlikte tamamlaması için bir proje tasarlayabilir veya her ekip üyesine tamamlaması için bir görev atayabilir ve grubun bir sorunu çözmek için bir sunum hazırlamasını sağlayabilirsiniz."
9595; İş yerindeki bir grup için bir ekip oluşturma etkinliği oluşturun. ;"Harika bir ekip oluşturma etkinliği, sinema salonları veya ""Bu melodiyi adlandırın"" gibi bir grup oyunu oynamak olacaktır. Ayrıca çöpçü avı veya parkta piknik gibi açık hava etkinlikleri de yapabilirsiniz. Ayrıca grubun birlikte tamamlaması için bir proje tasarlayabilir veya her ekip üyesine tamamlaması için bir görev atayabilir ve grubun bir sorunu çözmek için bir sunum hazırlamasını sağlayabilirsiniz."
9595; İş yerindeki bir grup için bir ekip oluşturma etkinliği oluşturun. ;"Harika bir ekip oluşturma etkinliği, sinema salonları veya ""Bu melodiyi adlandırın"" gibi bir grup oyunu oynamak olacaktır. Ayrıca çöpçü avı veya parkta piknik gibi açık hava etkinlikleri de yapabilirsiniz. Ayrıca grubun birlikte tamamlaması için bir proje tasarlayabilir veya her ekip üyesine tamamlaması için bir görev atayabilir ve grubun bir sorunu çözmek için bir sunum hazırlamasını sağlayabilirsiniz."
9595; İş yerindeki bir grup için bir ekip oluşturma etkinliği oluşturun. ;"Harika bir ekip oluşturma etkinliği, sinema salonları veya ""Bu melodiyi adlandırın"" gibi bir grup oyunu oynamak olacaktır. Ayrıca çöpçü avı veya parkta piknik gibi açık hava etkinlikleri de yapabilirsiniz. Ayrıca grubun birlikte tamamlaması için bir proje tasarlayabilir veya her ekip üyesine tamamlaması için bir görev atayabilir ve grubun bir sorunu çözmek için bir sunum hazırlamasını sağlayabilirsiniz."
9595; İş yerindeki bir grup için bir ekip oluşturma etkinliği oluşturun. ;"Harika bir ekip oluşturma etkinliği, sinema salonları veya ""Bu melodiyi adlandırın"" gibi bir grup oyunu oynamak olacaktır. Ayrıca çöpçü avı veya parkta piknik gibi açık hava etkinlikleri de yapabilirsiniz. Ayrıca grubun birlikte tamamlaması için bir proje tasarlayabilir veya her ekip üyesine tamamlaması için bir görev atayabilir ve grubun bir sorunu çözmek için bir sunum hazırlamasını sağlayabilirsiniz."
9595; İş yerindeki bir grup için bir ekip oluşturma etkinliği oluşturun. ;"Harika bir ekip oluşturma etkinliği, sinema salonları veya ""Bu melodiyi adlandırın"" gibi bir grup oyunu oynamak olacaktır. Ayrıca çöpçü avı veya parkta piknik gibi açık hava etkinlikleri de yapabilirsiniz. Ayrıca grubun birlikte tamamlaması için bir proje tasarlayabilir veya her ekip üyesine tamamlaması için bir görev atayabilir ve grubun bir sorunu çözmek için bir sunum hazırlamasını sağlayabilirsiniz."
9595; İş yerindeki bir grup için bir ekip oluşturma etkinliği oluşturun. ;"Harika bir ekip oluşturma etkinliği, sinema salonları veya ""Bu melodiyi adlandırın"" gibi bir grup oyunu oynamak olacaktır. Ayrıca çöpçü avı veya parkta piknik gibi açık hava etkinlikleri de yapabilirsiniz. Ayrıca grubun birlikte tamamlaması için bir proje tasarlayabilir veya her ekip üyesine tamamlaması için bir görev atayabilir ve grubun bir sorunu çözmek için bir sunum hazırlamasını sağlayabilirsiniz."
9595; İş yerindeki bir grup için bir ekip oluşturma etkinliği oluşturun. ;"Harika bir ekip oluşturma etkinliği, sinema salonları veya ""Bu melodiyi adlandırın"" gibi bir grup oyunu oynamak olacaktır. Ayrıca çöpçü avı veya parkta piknik gibi açık hava etkinlikleri de yapabilirsiniz. Ayrıca grubun birlikte tamamlaması için bir proje tasarlayabilir veya her ekip üyesine tamamlaması için bir görev atayabilir ve grubun bir sorunu çözmek için bir sunum hazırlamasını sağlayabilirsiniz."
9595; İş yerindeki bir grup için bir ekip oluşturma etkinliği oluşturun. ;"Harika bir ekip oluşturma etkinliği, sinema salonları veya ""Bu melodiyi adlandırın"" gibi bir grup oyunu oynamak olacaktır. Ayrıca çöpçü avı veya parkta piknik gibi açık hava etkinlikleri de yapabilirsiniz. Ayrıca grubun birlikte tamamlaması için bir proje tasarlayabilir veya her ekip üyesine tamamlaması için bir görev atayabilir ve grubun bir sorunu çözmek için bir sunum hazırlamasını sağlayabilirsiniz."
9595; İş yerindeki bir grup için bir ekip oluşturma etkinliği oluşturun. ;"Harika bir ekip oluşturma etkinliği, sinema salonları veya ""Bu melodiyi adlandırın"" gibi bir grup oyunu oynamak olacaktır. Ayrıca çöpçü avı veya parkta piknik gibi açık hava etkinlikleri de yapabilirsiniz. Ayrıca grubun birlikte tamamlaması için bir proje tasarlayabilir veya her ekip üyesine tamamlaması için bir görev atayabilir ve grubun bir sorunu çözmek için bir sunum hazırlamasını sağlayabilirsiniz."
9595; İş yerindeki bir grup için bir ekip oluşturma etkinliği oluşturun. ;"Harika bir ekip oluşturma etkinliği, sinema salonları veya ""Bu melodiyi adlandırın"" gibi bir grup oyunu oynamak olacaktır. Ayrıca çöpçü avı veya parkta piknik gibi açık hava etkinlikleri de yapabilirsiniz. Ayrıca grubun birlikte tamamlaması için bir proje tasarlayabilir veya her ekip üyesine tamamlaması için bir görev atayabilir ve grubun bir sorunu çözmek için bir sunum hazırlamasını sağlayabilirsiniz."
9595; İş yerindeki bir grup için bir ekip oluşturma etkinliği oluşturun. ;"Harika bir ekip oluşturma etkinliği, sinema salonları veya ""Bu melodiyi adlandırın"" gibi bir grup oyunu oynamak olacaktır. Ayrıca çöpçü avı veya parkta piknik gibi açık hava etkinlikleri de yapabilirsiniz. Ayrıca grubun birlikte tamamlaması için bir proje tasarlayabilir veya her ekip üyesine tamamlaması için bir görev atayabilir ve grubun bir sorunu çözmek için bir sunum hazırlamasını sağlayabilirsiniz."
9595; İş yerindeki bir grup için bir ekip oluşturma etkinliği oluşturun. ;"Harika bir ekip oluşturma etkinliği, sinema salonları veya ""Bu melodiyi adlandırın"" gibi bir grup oyunu oynamak olacaktır. Ayrıca çöpçü avı veya parkta piknik gibi açık hava etkinlikleri de yapabilirsiniz. Ayrıca grubun birlikte tamamlaması için bir proje tasarlayabilir veya her ekip üyesine tamamlaması için bir görev atayabilir ve grubun bir sorunu çözmek için bir sunum hazırlamasını sağlayabilirsiniz."
9595; İş yerindeki bir grup için bir ekip oluşturma etkinliği oluşturun. ;"Harika bir ekip oluşturma etkinliği, sinema salonları veya ""Bu melodiyi adlandırın"" gibi bir grup oyunu oynamak olacaktır. Ayrıca çöpçü avı veya parkta piknik gibi açık hava etkinlikleri de yapabilirsiniz. Ayrıca grubun birlikte tamamlaması için bir proje tasarlayabilir veya her ekip üyesine tamamlaması için bir görev atayabilir ve grubun bir sorunu çözmek için bir sunum hazırlamasını sağlayabilirsiniz."
9595; İş yerindeki bir grup için bir ekip oluşturma etkinliği oluşturun. ;"Harika bir ekip oluşturma etkinliği, sinema salonları veya ""Bu melodiyi adlandırın"" gibi bir grup oyunu oynamak olacaktır. Ayrıca çöpçü avı veya parkta piknik gibi açık hava etkinlikleri de yapabilirsiniz. Ayrıca grubun birlikte tamamlaması için bir proje tasarlayabilir veya her ekip üyesine tamamlaması için bir görev atayabilir ve grubun bir sorunu çözmek için bir sunum hazırlamasını sağlayabilirsiniz."
9595; İş yerindeki bir grup için bir ekip oluşturma etkinliği oluşturun. ;"Harika bir ekip oluşturma etkinliği, sinema salonları veya ""Bu melodiyi adlandırın"" gibi bir grup oyunu oynamak olacaktır. Ayrıca çöpçü avı veya parkta piknik gibi açık hava etkinlikleri de yapabilirsiniz. Ayrıca grubun birlikte tamamlaması için bir proje tasarlayabilir veya her ekip üyesine tamamlaması için bir görev atayabilir ve grubun bir sorunu çözmek için bir sunum hazırlamasını sağlayabilirsiniz."
9595; İş yerindeki bir grup için bir ekip oluşturma etkinliği oluşturun. ;"Harika bir ekip oluşturma etkinliği, sinema salonları veya ""Bu melodiyi adlandırın"" gibi bir grup oyunu oynamak olacaktır. Ayrıca çöpçü avı veya parkta piknik gibi açık hava etkinlikleri de yapabilirsiniz. Ayrıca grubun birlikte tamamlaması için bir proje tasarlayabilir veya her ekip üyesine tamamlaması için bir görev atayabilir ve grubun bir sorunu çözmek için bir sunum hazırlamasını sağlayabilirsiniz."
9595; İş yerindeki bir grup için bir ekip oluşturma etkinliği oluşturun. ;"Harika bir ekip oluşturma etkinliği, sinema salonları veya ""Bu melodiyi adlandırın"" gibi bir grup oyunu oynamak olacaktır. Ayrıca çöpçü avı veya parkta piknik gibi açık hava etkinlikleri de yapabilirsiniz. Ayrıca grubun birlikte tamamlaması için bir proje tasarlayabilir veya her ekip üyesine tamamlaması için bir görev atayabilir ve grubun bir sorunu çözmek için bir sunum hazırlamasını sağlayabilirsiniz."
9595; İş yerindeki bir grup için bir ekip oluşturma etkinliği oluşturun. ;"Harika bir ekip oluşturma etkinliği, sinema salonları veya ""Bu melodiyi adlandırın"" gibi bir grup oyunu oynamak olacaktır. Ayrıca çöpçü avı veya parkta piknik gibi açık hava etkinlikleri de yapabilirsiniz. Ayrıca grubun birlikte tamamlaması için bir proje tasarlayabilir veya her ekip üyesine tamamlaması için bir görev atayabilir ve grubun bir sorunu çözmek için bir sunum hazırlamasını sağlayabilirsiniz."
9595; İş yerindeki bir grup için bir ekip oluşturma etkinliği oluşturun. ;"Harika bir ekip oluşturma etkinliği, sinema salonları veya ""Bu melodiyi adlandırın"" gibi bir grup oyunu oynamak olacaktır. Ayrıca çöpçü avı veya parkta piknik gibi açık hava etkinlikleri de yapabilirsiniz. Ayrıca grubun birlikte tamamlaması için bir proje tasarlayabilir veya her ekip üyesine tamamlaması için bir görev atayabilir ve grubun bir sorunu çözmek için bir sunum hazırlamasını sağlayabilirsiniz."
9595; İş yerindeki bir grup için bir ekip oluşturma etkinliği oluşturun. ;"Harika bir ekip oluşturma etkinliği, sinema salonları veya ""Bu melodiyi adlandırın"" gibi bir grup oyunu oynamak olacaktır. Ayrıca çöpçü avı veya parkta piknik gibi açık hava etkinlikleri de yapabilirsiniz. Ayrıca grubun birlikte tamamlaması için bir proje tasarlayabilir veya her ekip üyesine tamamlaması için bir görev atayabilir ve grubun bir sorunu çözmek için bir sunum hazırlamasını sağlayabilirsiniz."
9595; İş yerindeki bir grup için bir ekip oluşturma etkinliği oluşturun. ;"Harika bir ekip oluşturma etkinliği, sinema salonları veya ""Bu melodiyi adlandırın"" gibi bir grup oyunu oynamak olacaktır. Ayrıca çöpçü avı veya parkta piknik gibi açık hava etkinlikleri de yapabilirsiniz. Ayrıca grubun birlikte tamamlaması için bir proje tasarlayabilir veya her ekip üyesine tamamlaması için bir görev atayabilir ve grubun bir sorunu çözmek için bir sunum hazırlamasını sağlayabilirsiniz."
9595; İş yerindeki bir grup için bir ekip oluşturma etkinliği oluşturun. ;"Harika bir ekip oluşturma etkinliği, sinema salonları veya ""Bu melodiyi adlandırın"" gibi bir grup oyunu oynamak olacaktır. Ayrıca çöpçü avı veya parkta piknik gibi açık hava etkinlikleri de yapabilirsiniz. Ayrıca grubun birlikte tamamlaması için bir proje tasarlayabilir veya her ekip üyesine tamamlaması için bir görev atayabilir ve grubun bir sorunu çözmek için bir sunum hazırlamasını sağlayabilirsiniz."
9595; İş yerindeki bir grup için bir ekip oluşturma etkinliği oluşturun. ;"Harika bir ekip oluşturma etkinliği, sinema salonları veya ""Bu melodiyi adlandırın"" gibi bir grup oyunu oynamak olacaktır. Ayrıca çöpçü avı veya parkta piknik gibi açık hava etkinlikleri de yapabilirsiniz. Ayrıca grubun birlikte tamamlaması için bir proje tasarlayabilir veya her ekip üyesine tamamlaması için bir görev atayabilir ve grubun bir sorunu çözmek için bir sunum hazırlamasını sağlayabilirsiniz."
9595; İş yerindeki bir grup için bir ekip oluşturma etkinliği oluşturun. ;"Harika bir ekip oluşturma etkinliği, sinema salonları veya ""Bu melodiyi adlandırın"" gibi bir grup oyunu oynamak olacaktır. Ayrıca çöpçü avı veya parkta piknik gibi açık hava etkinlikleri de yapabilirsiniz. Ayrıca grubun birlikte tamamlaması için bir proje tasarlayabilir veya her ekip üyesine tamamlaması için bir görev atayabilir ve grubun bir sorunu çözmek için bir sunum hazırlamasını sağlayabilirsiniz."
9595; İş yerindeki bir grup için bir ekip oluşturma etkinliği oluşturun. ;"Harika bir ekip oluşturma etkinliği, sinema salonları veya ""Bu melodiyi adlandırın"" gibi bir grup oyunu oynamak olacaktır. Ayrıca çöpçü avı veya parkta piknik gibi açık hava etkinlikleri de yapabilirsiniz. Ayrıca grubun birlikte tamamlaması için bir proje tasarlayabilir veya her ekip üyesine tamamlaması için bir görev atayabilir ve grubun bir sorunu çözmek için bir sunum hazırlamasını sağlayabilirsiniz."
9595; İş yerindeki bir grup için bir ekip oluşturma etkinliği oluşturun. ;"Harika bir ekip oluşturma etkinliği, sinema salonları veya ""Bu melodiyi adlandırın"" gibi bir grup oyunu oynamak olacaktır. Ayrıca çöpçü avı veya parkta piknik gibi açık hava etkinlikleri de yapabilirsiniz. Ayrıca grubun birlikte tamamlaması için bir proje tasarlayabilir veya her ekip üyesine tamamlaması için bir görev atayabilir ve grubun bir sorunu çözmek için bir sunum hazırlamasını sağlayabilirsiniz."
9595; İş yerindeki bir grup için bir ekip oluşturma etkinliği oluşturun. ;"Harika bir ekip oluşturma etkinliği, sinema salonları veya ""Bu melodiyi adlandırın"" gibi bir grup oyunu oynamak olacaktır. Ayrıca çöpçü avı veya parkta piknik gibi açık hava etkinlikleri de yapabilirsiniz. Ayrıca grubun birlikte tamamlaması için bir proje tasarlayabilir veya her ekip üyesine tamamlaması için bir görev atayabilir ve grubun bir sorunu çözmek için bir sunum hazırlamasını sağlayabilirsiniz."
9595; İş yerindeki bir grup için bir ekip oluşturma etkinliği oluşturun. ;"Harika bir ekip oluşturma etkinliği, sinema salonları veya ""Bu melodiyi adlandırın"" gibi bir grup oyunu oynamak olacaktır. Ayrıca çöpçü avı veya parkta piknik gibi açık hava etkinlikleri de yapabilirsiniz. Ayrıca grubun birlikte tamamlaması için bir proje tasarlayabilir veya her ekip üyesine tamamlaması için bir görev atayabilir ve grubun bir sorunu çözmek için bir sunum hazırlamasını sağlayabilirsiniz."
9595; İş yerindeki bir grup için bir ekip oluşturma etkinliği oluşturun. ;"Harika bir ekip oluşturma etkinliği, sinema salonları veya ""Bu melodiyi adlandırın"" gibi bir grup oyunu oynamak olacaktır. Ayrıca çöpçü avı veya parkta piknik gibi açık hava etkinlikleri de yapabilirsiniz. Ayrıca grubun birlikte tamamlaması için bir proje tasarlayabilir veya her ekip üyesine tamamlaması için bir görev atayabilir ve grubun bir sorunu çözmek için bir sunum hazırlamasını sağlayabilirsiniz."
9595; İş yerindeki bir grup için bir ekip oluşturma etkinliği oluşturun. ;"Harika bir ekip oluşturma etkinliği, sinema salonları veya ""Bu melodiyi adlandırın"" gibi bir grup oyunu oynamak olacaktır. Ayrıca çöpçü avı veya parkta piknik gibi açık hava etkinlikleri de yapabilirsiniz. Ayrıca grubun birlikte tamamlaması için bir proje tasarlayabilir veya her ekip üyesine tamamlaması için bir görev atayabilir ve grubun bir sorunu çözmek için bir sunum hazırlamasını sağlayabilirsiniz."
9595; İş yerindeki bir grup için bir ekip oluşturma etkinliği oluşturun. ;"Harika bir ekip oluşturma etkinliği, sinema salonları veya ""Bu melodiyi adlandırın"" gibi bir grup oyunu oynamak olacaktır. Ayrıca çöpçü avı veya parkta piknik gibi açık hava etkinlikleri de yapabilirsiniz. Ayrıca grubun birlikte tamamlaması için bir proje tasarlayabilir veya her ekip üyesine tamamlaması için bir görev atayabilir ve grubun bir sorunu çözmek için bir sunum hazırlamasını sağlayabilirsiniz."
9595; İş yerindeki bir grup için bir ekip oluşturma etkinliği oluşturun. ;"Harika bir ekip oluşturma etkinliği, sinema salonları veya ""Bu melodiyi adlandırın"" gibi bir grup oyunu oynamak olacaktır. Ayrıca çöpçü avı veya parkta piknik gibi açık hava etkinlikleri de yapabilirsiniz. Ayrıca grubun birlikte tamamlaması için bir proje tasarlayabilir veya her ekip üyesine tamamlaması için bir görev atayabilir ve grubun bir sorunu çözmek için bir sunum hazırlamasını sağlayabilirsiniz."
9595; İş yerindeki bir grup için bir ekip oluşturma etkinliği oluşturun. ;"Harika bir ekip oluşturma etkinliği, sinema salonları veya ""Bu melodiyi adlandırın"" gibi bir grup oyunu oynamak olacaktır. Ayrıca çöpçü avı veya parkta piknik gibi açık hava etkinlikleri de yapabilirsiniz. Ayrıca grubun birlikte tamamlaması için bir proje tasarlayabilir veya her ekip üyesine tamamlaması için bir görev atayabilir ve grubun bir sorunu çözmek için bir sunum hazırlamasını sağlayabilirsiniz."
9595; İş yerindeki bir grup için bir ekip oluşturma etkinliği oluşturun. ;"Harika bir ekip oluşturma etkinliği, sinema salonları veya ""Bu melodiyi adlandırın"" gibi bir grup oyunu oynamak olacaktır. Ayrıca çöpçü avı veya parkta piknik gibi açık hava etkinlikleri de yapabilirsiniz. Ayrıca grubun birlikte tamamlaması için bir proje tasarlayabilir veya her ekip üyesine tamamlaması için bir görev atayabilir ve grubun bir sorunu çözmek için bir sunum hazırlamasını sağlayabilirsiniz."
9595; İş yerindeki bir grup için bir ekip oluşturma etkinliği oluşturun. ;"Harika bir ekip oluşturma etkinliği, sinema salonları veya ""Bu melodiyi adlandırın"" gibi bir grup oyunu oynamak olacaktır. Ayrıca çöpçü avı veya parkta piknik gibi açık hava etkinlikleri de yapabilirsiniz. Ayrıca grubun birlikte tamamlaması için bir proje tasarlayabilir veya her ekip üyesine tamamlaması için bir görev atayabilir ve grubun bir sorunu çözmek için bir sunum hazırlamasını sağlayabilirsiniz."
9595; İş yerindeki bir grup için bir ekip oluşturma etkinliği oluşturun. ;"Harika bir ekip oluşturma etkinliği, sinema salonları veya ""Bu melodiyi adlandırın"" gibi bir grup oyunu oynamak olacaktır. Ayrıca çöpçü avı veya parkta piknik gibi açık hava etkinlikleri de yapabilirsiniz. Ayrıca grubun birlikte tamamlaması için bir proje tasarlayabilir veya her ekip üyesine tamamlaması için bir görev atayabilir ve grubun bir sorunu çözmek için bir sunum hazırlamasını sağlayabilirsiniz."
9595; İş yerindeki bir grup için bir ekip oluşturma etkinliği oluşturun. ;"Harika bir ekip oluşturma etkinliği, sinema salonları veya ""Bu melodiyi adlandırın"" gibi bir grup oyunu oynamak olacaktır. Ayrıca çöpçü avı veya parkta piknik gibi açık hava etkinlikleri de yapabilirsiniz. Ayrıca grubun birlikte tamamlaması için bir proje tasarlayabilir veya her ekip üyesine tamamlaması için bir görev atayabilir ve grubun bir sorunu çözmek için bir sunum hazırlamasını sağlayabilirsiniz."
9595; İş yerindeki bir grup için bir ekip oluşturma etkinliği oluşturun. ;"Harika bir ekip oluşturma etkinliği, sinema salonları veya ""Bu melodiyi adlandırın"" gibi bir grup oyunu oynamak olacaktır. Ayrıca çöpçü avı veya parkta piknik gibi açık hava etkinlikleri de yapabilirsiniz. Ayrıca grubun birlikte tamamlaması için bir proje tasarlayabilir veya her ekip üyesine tamamlaması için bir görev atayabilir ve grubun bir sorunu çözmek için bir sunum hazırlamasını sağlayabilirsiniz."
9595; İş yerindeki bir grup için bir ekip oluşturma etkinliği oluşturun. ;"Harika bir ekip oluşturma etkinliği, sinema salonları veya ""Bu melodiyi adlandırın"" gibi bir grup oyunu oynamak olacaktır. Ayrıca çöpçü avı veya parkta piknik gibi açık hava etkinlikleri de yapabilirsiniz. Ayrıca grubun birlikte tamamlaması için bir proje tasarlayabilir veya her ekip üyesine tamamlaması için bir görev atayabilir ve grubun bir sorunu çözmek için bir sunum hazırlamasını sağlayabilirsiniz."
9595; İş yerindeki bir grup için bir ekip oluşturma etkinliği oluşturun. ;"Harika bir ekip oluşturma etkinliği, sinema salonları veya ""Bu melodiyi adlandırın"" gibi bir grup oyunu oynamak olacaktır. Ayrıca çöpçü avı veya parkta piknik gibi açık hava etkinlikleri de yapabilirsiniz. Ayrıca grubun birlikte tamamlaması için bir proje tasarlayabilir veya her ekip üyesine tamamlaması için bir görev atayabilir ve grubun bir sorunu çözmek için bir sunum hazırlamasını sağlayabilirsiniz."
9595; İş yerindeki bir grup için bir ekip oluşturma etkinliği oluşturun. ;"Harika bir ekip oluşturma etkinliği, sinema salonları veya ""Bu melodiyi adlandırın"" gibi bir grup oyunu oynamak olacaktır. Ayrıca çöpçü avı veya parkta piknik gibi açık hava etkinlikleri de yapabilirsiniz. Ayrıca grubun birlikte tamamlaması için bir proje tasarlayabilir veya her ekip üyesine tamamlaması için bir görev atayabilir ve grubun bir sorunu çözmek için bir sunum hazırlamasını sağlayabilirsiniz."
9595; İş yerindeki bir grup için bir ekip oluşturma etkinliği oluşturun. ;"Harika bir ekip oluşturma etkinliği, sinema salonları veya ""Bu melodiyi adlandırın"" gibi bir grup oyunu oynamak olacaktır. Ayrıca çöpçü avı veya parkta piknik gibi açık hava etkinlikleri de yapabilirsiniz. Ayrıca grubun birlikte tamamlaması için bir proje tasarlayabilir veya her ekip üyesine tamamlaması için bir görev atayabilir ve grubun bir sorunu çözmek için bir sunum hazırlamasını sağlayabilirsiniz."
9595; İş yerindeki bir grup için bir ekip oluşturma etkinliği oluşturun. ;"Harika bir ekip oluşturma etkinliği, sinema salonları veya ""Bu melodiyi adlandırın"" gibi bir grup oyunu oynamak olacaktır. Ayrıca çöpçü avı veya parkta piknik gibi açık hava etkinlikleri de yapabilirsiniz. Ayrıca grubun birlikte tamamlaması için bir proje tasarlayabilir veya her ekip üyesine tamamlaması için bir görev atayabilir ve grubun bir sorunu çözmek için bir sunum hazırlamasını sağlayabilirsiniz."
9595; İş yerindeki bir grup için bir ekip oluşturma etkinliği oluşturun. ;"Harika bir ekip oluşturma etkinliği, sinema salonları veya ""Bu melodiyi adlandırın"" gibi bir grup oyunu oynamak olacaktır. Ayrıca çöpçü avı veya parkta piknik gibi açık hava etkinlikleri de yapabilirsiniz. Ayrıca grubun birlikte tamamlaması için bir proje tasarlayabilir veya her ekip üyesine tamamlaması için bir görev atayabilir ve grubun bir sorunu çözmek için bir sunum hazırlamasını sağlayabilirsiniz."
9595; İş yerindeki bir grup için bir ekip oluşturma etkinliği oluşturun. ;"Harika bir ekip oluşturma etkinliği, sinema salonları veya ""Bu melodiyi adlandırın"" gibi bir grup oyunu oynamak olacaktır. Ayrıca çöpçü avı veya parkta piknik gibi açık hava etkinlikleri de yapabilirsiniz. Ayrıca grubun birlikte tamamlaması için bir proje tasarlayabilir veya her ekip üyesine tamamlaması için bir görev atayabilir ve grubun bir sorunu çözmek için bir sunum hazırlamasını sağlayabilirsiniz."
9595; İş yerindeki bir grup için bir ekip oluşturma etkinliği oluşturun. ;"Harika bir ekip oluşturma etkinliği, sinema salonları veya ""Bu melodiyi adlandırın"" gibi bir grup oyunu oynamak olacaktır. Ayrıca çöpçü avı veya parkta piknik gibi açık hava etkinlikleri de yapabilirsiniz. Ayrıca grubun birlikte tamamlaması için bir proje tasarlayabilir veya her ekip üyesine tamamlaması için bir görev atayabilir ve grubun bir sorunu çözmek için bir sunum hazırlamasını sağlayabilirsiniz."
9595; İş yerindeki bir grup için bir ekip oluşturma etkinliği oluşturun. ;"Harika bir ekip oluşturma etkinliği, sinema salonları veya ""Bu melodiyi adlandırın"" gibi bir grup oyunu oynamak olacaktır. Ayrıca çöpçü avı veya parkta piknik gibi açık hava etkinlikleri de yapabilirsiniz. Ayrıca grubun birlikte tamamlaması için bir proje tasarlayabilir veya her ekip üyesine tamamlaması için bir görev atayabilir ve grubun bir sorunu çözmek için bir sunum hazırlamasını sağlayabilirsiniz."
9595; İş yerindeki bir grup için bir ekip oluşturma etkinliği oluşturun. ;"Harika bir ekip oluşturma etkinliği, sinema salonları veya ""Bu melodiyi adlandırın"" gibi bir grup oyunu oynamak olacaktır. Ayrıca çöpçü avı veya parkta piknik gibi açık hava etkinlikleri de yapabilirsiniz. Ayrıca grubun birlikte tamamlaması için bir proje tasarlayabilir veya her ekip üyesine tamamlaması için bir görev atayabilir ve grubun bir sorunu çözmek için bir sunum hazırlamasını sağlayabilirsiniz."
9595; İş yerindeki bir grup için bir ekip oluşturma etkinliği oluşturun. ;"Harika bir ekip oluşturma etkinliği, sinema salonları veya ""Bu melodiyi adlandırın"" gibi bir grup oyunu oynamak olacaktır. Ayrıca çöpçü avı veya parkta piknik gibi açık hava etkinlikleri de yapabilirsiniz. Ayrıca grubun birlikte tamamlaması için bir proje tasarlayabilir veya her ekip üyesine tamamlaması için bir görev atayabilir ve grubun bir sorunu çözmek için bir sunum hazırlamasını sağlayabilirsiniz."
9595; İş yerindeki bir grup için bir ekip oluşturma etkinliği oluşturun. ;"Harika bir ekip oluşturma etkinliği, sinema salonları veya ""Bu melodiyi adlandırın"" gibi bir grup oyunu oynamak olacaktır. Ayrıca çöpçü avı veya parkta piknik gibi açık hava etkinlikleri de yapabilirsiniz. Ayrıca grubun birlikte tamamlaması için bir proje tasarlayabilir veya her ekip üyesine tamamlaması için bir görev atayabilir ve grubun bir sorunu çözmek için bir sunum hazırlamasını sağlayabilirsiniz."
9595; İş yerindeki bir grup için bir ekip oluşturma etkinliği oluşturun. ;"Harika bir ekip oluşturma etkinliği, sinema salonları veya ""Bu melodiyi adlandırın"" gibi bir grup oyunu oynamak olacaktır. Ayrıca çöpçü avı veya parkta piknik gibi açık hava etkinlikleri de yapabilirsiniz. Ayrıca grubun birlikte tamamlaması için bir proje tasarlayabilir veya her ekip üyesine tamamlaması için bir görev atayabilir ve grubun bir sorunu çözmek için bir sunum hazırlamasını sağlayabilirsiniz."
9595; İş yerindeki bir grup için bir ekip oluşturma etkinliği oluşturun. ;"Harika bir ekip oluşturma etkinliği, sinema salonları veya ""Bu melodiyi adlandırın"" gibi bir grup oyunu oynamak olacaktır. Ayrıca çöpçü avı veya parkta piknik gibi açık hava etkinlikleri de yapabilirsiniz. Ayrıca grubun birlikte tamamlaması için bir proje tasarlayabilir veya her ekip üyesine tamamlaması için bir görev atayabilir ve grubun bir sorunu çözmek için bir sunum hazırlamasını sağlayabilirsiniz."
9595; İş yerindeki bir grup için bir ekip oluşturma etkinliği oluşturun. ;"Harika bir ekip oluşturma etkinliği, sinema salonları veya ""Bu melodiyi adlandırın"" gibi bir grup oyunu oynamak olacaktır. Ayrıca çöpçü avı veya parkta piknik gibi açık hava etkinlikleri de yapabilirsiniz. Ayrıca grubun birlikte tamamlaması için bir proje tasarlayabilir veya her ekip üyesine tamamlaması için bir görev atayabilir ve grubun bir sorunu çözmek için bir sunum hazırlamasını sağlayabilirsiniz."
9595; İş yerindeki bir grup için bir ekip oluşturma etkinliği oluşturun. ;"Harika bir ekip oluşturma etkinliği, sinema salonları veya ""Bu melodiyi adlandırın"" gibi bir grup oyunu oynamak olacaktır. Ayrıca çöpçü avı veya parkta piknik gibi açık hava etkinlikleri de yapabilirsiniz. Ayrıca grubun birlikte tamamlaması için bir proje tasarlayabilir veya her ekip üyesine tamamlaması için bir görev atayabilir ve grubun bir sorunu çözmek için bir sunum hazırlamasını sağlayabilirsiniz."
9595; İş yerindeki bir grup için bir ekip oluşturma etkinliği oluşturun. ;"Harika bir ekip oluşturma etkinliği, sinema salonları veya ""Bu melodiyi adlandırın"" gibi bir grup oyunu oynamak olacaktır. Ayrıca çöpçü avı veya parkta piknik gibi açık hava etkinlikleri de yapabilirsiniz. Ayrıca grubun birlikte tamamlaması için bir proje tasarlayabilir veya her ekip üyesine tamamlaması için bir görev atayabilir ve grubun bir sorunu çözmek için bir sunum hazırlamasını sağlayabilirsiniz."
9595; İş yerindeki bir grup için bir ekip oluşturma etkinliği oluşturun. ;"Harika bir ekip oluşturma etkinliği, sinema salonları veya ""Bu melodiyi adlandırın"" gibi bir grup oyunu oynamak olacaktır. Ayrıca çöpçü avı veya parkta piknik gibi açık hava etkinlikleri de yapabilirsiniz. Ayrıca grubun birlikte tamamlaması için bir proje tasarlayabilir veya her ekip üyesine tamamlaması için bir görev atayabilir ve grubun bir sorunu çözmek için bir sunum hazırlamasını sağlayabilirsiniz."
9595; İş yerindeki bir grup için bir ekip oluşturma etkinliği oluşturun. ;"Harika bir ekip oluşturma etkinliği, sinema salonları veya ""Bu melodiyi adlandırın"" gibi bir grup oyunu oynamak olacaktır. Ayrıca çöpçü avı veya parkta piknik gibi açık hava etkinlikleri de yapabilirsiniz. Ayrıca grubun birlikte tamamlaması için bir proje tasarlayabilir veya her ekip üyesine tamamlaması için bir görev atayabilir ve grubun bir sorunu çözmek için bir sunum hazırlamasını sağlayabilirsiniz."
9595; İş yerindeki bir grup için bir ekip oluşturma etkinliği oluşturun. ;"Harika bir ekip oluşturma etkinliği, sinema salonları veya ""Bu melodiyi adlandırın"" gibi bir grup oyunu oynamak olacaktır. Ayrıca çöpçü avı veya parkta piknik gibi açık hava etkinlikleri de yapabilirsiniz. Ayrıca grubun birlikte tamamlaması için bir proje tasarlayabilir veya her ekip üyesine tamamlaması için bir görev atayabilir ve grubun bir sorunu çözmek için bir sunum hazırlamasını sağlayabilirsiniz."
9595; İş yerindeki bir grup için bir ekip oluşturma etkinliği oluşturun. ;"Harika bir ekip oluşturma etkinliği, sinema salonları veya ""Bu melodiyi adlandırın"" gibi bir grup oyunu oynamak olacaktır. Ayrıca çöpçü avı veya parkta piknik gibi açık hava etkinlikleri de yapabilirsiniz. Ayrıca grubun birlikte tamamlaması için bir proje tasarlayabilir veya her ekip üyesine tamamlaması için bir görev atayabilir ve grubun bir sorunu çözmek için bir sunum hazırlamasını sağlayabilirsiniz."
9595; İş yerindeki bir grup için bir ekip oluşturma etkinliği oluşturun. ;"Harika bir ekip oluşturma etkinliği, sinema salonları veya ""Bu melodiyi adlandırın"" gibi bir grup oyunu oynamak olacaktır. Ayrıca çöpçü avı veya parkta piknik gibi açık hava etkinlikleri de yapabilirsiniz. Ayrıca grubun birlikte tamamlaması için bir proje tasarlayabilir veya her ekip üyesine tamamlaması için bir görev atayabilir ve grubun bir sorunu çözmek için bir sunum hazırlamasını sağlayabilirsiniz."
9595; İş yerindeki bir grup için bir ekip oluşturma etkinliği oluşturun. ;"Harika bir ekip oluşturma etkinliği, sinema salonları veya ""Bu melodiyi adlandırın"" gibi bir grup oyunu oynamak olacaktır. Ayrıca çöpçü avı veya parkta piknik gibi açık hava etkinlikleri de yapabilirsiniz. Ayrıca grubun birlikte tamamlaması için bir proje tasarlayabilir veya her ekip üyesine tamamlaması için bir görev atayabilir ve grubun bir sorunu çözmek için bir sunum hazırlamasını sağlayabilirsiniz."
9595; İş yerindeki bir grup için bir ekip oluşturma etkinliği oluşturun. ;"Harika bir ekip oluşturma etkinliği, sinema salonları veya ""Bu melodiyi adlandırın"" gibi bir grup oyunu oynamak olacaktır. Ayrıca çöpçü avı veya parkta piknik gibi açık hava etkinlikleri de yapabilirsiniz. Ayrıca grubun birlikte tamamlaması için bir proje tasarlayabilir veya her ekip üyesine tamamlaması için bir görev atayabilir ve grubun bir sorunu çözmek için bir sunum hazırlamasını sağlayabilirsiniz."
9595; İş yerindeki bir grup için bir ekip oluşturma etkinliği oluşturun. ;"Harika bir ekip oluşturma etkinliği, sinema salonları veya ""Bu melodiyi adlandırın"" gibi bir grup oyunu oynamak olacaktır. Ayrıca çöpçü avı veya parkta piknik gibi açık hava etkinlikleri de yapabilirsiniz. Ayrıca grubun birlikte tamamlaması için bir proje tasarlayabilir veya her ekip üyesine tamamlaması için bir görev atayabilir ve grubun bir sorunu çözmek için bir sunum hazırlamasını sağlayabilirsiniz."
9595; İş yerindeki bir grup için bir ekip oluşturma etkinliği oluşturun. ;"Harika bir ekip oluşturma etkinliği, sinema salonları veya ""Bu melodiyi adlandırın"" gibi bir grup oyunu oynamak olacaktır. Ayrıca çöpçü avı veya parkta piknik gibi açık hava etkinlikleri de yapabilirsiniz. Ayrıca grubun birlikte tamamlaması için bir proje tasarlayabilir veya her ekip üyesine tamamlaması için bir görev atayabilir ve grubun bir sorunu çözmek için bir sunum hazırlamasını sağlayabilirsiniz."
9595; İş yerindeki bir grup için bir ekip oluşturma etkinliği oluşturun. ;"Harika bir ekip oluşturma etkinliği, sinema salonları veya ""Bu melodiyi adlandırın"" gibi bir grup oyunu oynamak olacaktır. Ayrıca çöpçü avı veya parkta piknik gibi açık hava etkinlikleri de yapabilirsiniz. Ayrıca grubun birlikte tamamlaması için bir proje tasarlayabilir veya her ekip üyesine tamamlaması için bir görev atayabilir ve grubun bir sorunu çözmek için bir sunum hazırlamasını sağlayabilirsiniz."
9595; İş yerindeki bir grup için bir ekip oluşturma etkinliği oluşturun. ;"Harika bir ekip oluşturma etkinliği, sinema salonları veya ""Bu melodiyi adlandırın"" gibi bir grup oyunu oynamak olacaktır. Ayrıca çöpçü avı veya parkta piknik gibi açık hava etkinlikleri de yapabilirsiniz. Ayrıca grubun birlikte tamamlaması için bir proje tasarlayabilir veya her ekip üyesine tamamlaması için bir görev atayabilir ve grubun bir sorunu çözmek için bir sunum hazırlamasını sağlayabilirsiniz."
9595; İş yerindeki bir grup için bir ekip oluşturma etkinliği oluşturun. ;"Harika bir ekip oluşturma etkinliği, sinema salonları veya ""Bu melodiyi adlandırın"" gibi bir grup oyunu oynamak olacaktır. Ayrıca çöpçü avı veya parkta piknik gibi açık hava etkinlikleri de yapabilirsiniz. Ayrıca grubun birlikte tamamlaması için bir proje tasarlayabilir veya her ekip üyesine tamamlaması için bir görev atayabilir ve grubun bir sorunu çözmek için bir sunum hazırlamasını sağlayabilirsiniz."
9595; İş yerindeki bir grup için bir ekip oluşturma etkinliği oluşturun. ;"Harika bir ekip oluşturma etkinliği, sinema salonları veya ""Bu melodiyi adlandırın"" gibi bir grup oyunu oynamak olacaktır. Ayrıca çöpçü avı veya parkta piknik gibi açık hava etkinlikleri de yapabilirsiniz. Ayrıca grubun birlikte tamamlaması için bir proje tasarlayabilir veya her ekip üyesine tamamlaması için bir görev atayabilir ve grubun bir sorunu çözmek için bir sunum hazırlamasını sağlayabilirsiniz."
9595; İş yerindeki bir grup için bir ekip oluşturma etkinliği oluşturun. ;"Harika bir ekip oluşturma etkinliği, sinema salonları veya ""Bu melodiyi adlandırın"" gibi bir grup oyunu oynamak olacaktır. Ayrıca çöpçü avı veya parkta piknik gibi açık hava etkinlikleri de yapabilirsiniz. Ayrıca grubun birlikte tamamlaması için bir proje tasarlayabilir veya her ekip üyesine tamamlaması için bir görev atayabilir ve grubun bir sorunu çözmek için bir sunum hazırlamasını sağlayabilirsiniz."
9595; İş yerindeki bir grup için bir ekip oluşturma etkinliği oluşturun. ;"Harika bir ekip oluşturma etkinliği, sinema salonları veya ""Bu melodiyi adlandırın"" gibi bir grup oyunu oynamak olacaktır. Ayrıca çöpçü avı veya parkta piknik gibi açık hava etkinlikleri de yapabilirsiniz. Ayrıca grubun birlikte tamamlaması için bir proje tasarlayabilir veya her ekip üyesine tamamlaması için bir görev atayabilir ve grubun bir sorunu çözmek için bir sunum hazırlamasını sağlayabilirsiniz."
9595; İş yerindeki bir grup için bir ekip oluşturma etkinliği oluşturun. ;"Harika bir ekip oluşturma etkinliği, sinema salonları veya ""Bu melodiyi adlandırın"" gibi bir grup oyunu oynamak olacaktır. Ayrıca çöpçü avı veya parkta piknik gibi açık hava etkinlikleri de yapabilirsiniz. Ayrıca grubun birlikte tamamlaması için bir proje tasarlayabilir veya her ekip üyesine tamamlaması için bir görev atayabilir ve grubun bir sorunu çözmek için bir sunum hazırlamasını sağlayabilirsiniz."
9595; İş yerindeki bir grup için bir ekip oluşturma etkinliği oluşturun. ;"Harika bir ekip oluşturma etkinliği, sinema salonları veya ""Bu melodiyi adlandırın"" gibi bir grup oyunu oynamak olacaktır. Ayrıca çöpçü avı veya parkta piknik gibi açık hava etkinlikleri de yapabilirsiniz. Ayrıca grubun birlikte tamamlaması için bir proje tasarlayabilir veya her ekip üyesine tamamlaması için bir görev atayabilir ve grubun bir sorunu çözmek için bir sunum hazırlamasını sağlayabilirsiniz."
9595; İş yerindeki bir grup için bir ekip oluşturma etkinliği oluşturun. ;"Harika bir ekip oluşturma etkinliği, sinema salonları veya ""Bu melodiyi adlandırın"" gibi bir grup oyunu oynamak olacaktır. Ayrıca çöpçü avı veya parkta piknik gibi açık hava etkinlikleri de yapabilirsiniz. Ayrıca grubun birlikte tamamlaması için bir proje tasarlayabilir veya her ekip üyesine tamamlaması için bir görev atayabilir ve grubun bir sorunu çözmek için bir sunum hazırlamasını sağlayabilirsiniz."
9595; İş yerindeki bir grup için bir ekip oluşturma etkinliği oluşturun. ;"Harika bir ekip oluşturma etkinliği, sinema salonları veya ""Bu melodiyi adlandırın"" gibi bir grup oyunu oynamak olacaktır. Ayrıca çöpçü avı veya parkta piknik gibi açık hava etkinlikleri de yapabilirsiniz. Ayrıca grubun birlikte tamamlaması için bir proje tasarlayabilir veya her ekip üyesine tamamlaması için bir görev atayabilir ve grubun bir sorunu çözmek için bir sunum hazırlamasını sağlayabilirsiniz."
9595; İş yerindeki bir grup için bir ekip oluşturma etkinliği oluşturun. ;"Harika bir ekip oluşturma etkinliği, sinema salonları veya ""Bu melodiyi adlandırın"" gibi bir grup oyunu oynamak olacaktır. Ayrıca çöpçü avı veya parkta piknik gibi açık hava etkinlikleri de yapabilirsiniz. Ayrıca grubun birlikte tamamlaması için bir proje tasarlayabilir veya her ekip üyesine tamamlaması için bir görev atayabilir ve grubun bir sorunu çözmek için bir sunum hazırlamasını sağlayabilirsiniz."
9595; İş yerindeki bir grup için bir ekip oluşturma etkinliği oluşturun. ;"Harika bir ekip oluşturma etkinliği, sinema salonları veya ""Bu melodiyi adlandırın"" gibi bir grup oyunu oynamak olacaktır. Ayrıca çöpçü avı veya parkta piknik gibi açık hava etkinlikleri de yapabilirsiniz. Ayrıca grubun birlikte tamamlaması için bir proje tasarlayabilir veya her ekip üyesine tamamlaması için bir görev atayabilir ve grubun bir sorunu çözmek için bir sunum hazırlamasını sağlayabilirsiniz."
9595; İş yerindeki bir grup için bir ekip oluşturma etkinliği oluşturun. ;"Harika bir ekip oluşturma etkinliği, sinema salonları veya ""Bu melodiyi adlandırın"" gibi bir grup oyunu oynamak olacaktır. Ayrıca çöpçü avı veya parkta piknik gibi açık hava etkinlikleri de yapabilirsiniz. Ayrıca grubun birlikte tamamlaması için bir proje tasarlayabilir veya her ekip üyesine tamamlaması için bir görev atayabilir ve grubun bir sorunu çözmek için bir sunum hazırlamasını sağlayabilirsiniz."
9595; İş yerindeki bir grup için bir ekip oluşturma etkinliği oluşturun. ;"Harika bir ekip oluşturma etkinliği, sinema salonları veya ""Bu melodiyi adlandırın"" gibi bir grup oyunu oynamak olacaktır. Ayrıca çöpçü avı veya parkta piknik gibi açık hava etkinlikleri de yapabilirsiniz. Ayrıca grubun birlikte tamamlaması için bir proje tasarlayabilir veya her ekip üyesine tamamlaması için bir görev atayabilir ve grubun bir sorunu çözmek için bir sunum hazırlamasını sağlayabilirsiniz."
9595; İş yerindeki bir grup için bir ekip oluşturma etkinliği oluşturun. ;"Harika bir ekip oluşturma etkinliği, sinema salonları veya ""Bu melodiyi adlandırın"" gibi bir grup oyunu oynamak olacaktır. Ayrıca çöpçü avı veya parkta piknik gibi açık hava etkinlikleri de yapabilirsiniz. Ayrıca grubun birlikte tamamlaması için bir proje tasarlayabilir veya her ekip üyesine tamamlaması için bir görev atayabilir ve grubun bir sorunu çözmek için bir sunum hazırlamasını sağlayabilirsiniz."
9595; İş yerindeki bir grup için bir ekip oluşturma etkinliği oluşturun. ;"Harika bir ekip oluşturma etkinliği, sinema salonları veya ""Bu melodiyi adlandırın"" gibi bir grup oyunu oynamak olacaktır. Ayrıca çöpçü avı veya parkta piknik gibi açık hava etkinlikleri de yapabilirsiniz. Ayrıca grubun birlikte tamamlaması için bir proje tasarlayabilir veya her ekip üyesine tamamlaması için bir görev atayabilir ve grubun bir sorunu çözmek için bir sunum hazırlamasını sağlayabilirsiniz."
9595; İş yerindeki bir grup için bir ekip oluşturma etkinliği oluşturun. ;"Harika bir ekip oluşturma etkinliği, sinema salonları veya ""Bu melodiyi adlandırın"" gibi bir grup oyunu oynamak olacaktır. Ayrıca çöpçü avı veya parkta piknik gibi açık hava etkinlikleri de yapabilirsiniz. Ayrıca grubun birlikte tamamlaması için bir proje tasarlayabilir veya her ekip üyesine tamamlaması için bir görev atayabilir ve grubun bir sorunu çözmek için bir sunum hazırlamasını sağlayabilirsiniz."
9595; İş yerindeki bir grup için bir ekip oluşturma etkinliği oluşturun. ;"Harika bir ekip oluşturma etkinliği, sinema salonları veya ""Bu melodiyi adlandırın"" gibi bir grup oyunu oynamak olacaktır. Ayrıca çöpçü avı veya parkta piknik gibi açık hava etkinlikleri de yapabilirsiniz. Ayrıca grubun birlikte tamamlaması için bir proje tasarlayabilir veya her ekip üyesine tamamlaması için bir görev atayabilir ve grubun bir sorunu çözmek için bir sunum hazırlamasını sağlayabilirsiniz."
9595; İş yerindeki bir grup için bir ekip oluşturma etkinliği oluşturun. ;"Harika bir ekip oluşturma etkinliği, sinema salonları veya ""Bu melodiyi adlandırın"" gibi bir grup oyunu oynamak olacaktır. Ayrıca çöpçü avı veya parkta piknik gibi açık hava etkinlikleri de yapabilirsiniz. Ayrıca grubun birlikte tamamlaması için bir proje tasarlayabilir veya her ekip üyesine tamamlaması için bir görev atayabilir ve grubun bir sorunu çözmek için bir sunum hazırlamasını sağlayabilirsiniz."
9595; İş yerindeki bir grup için bir ekip oluşturma etkinliği oluşturun. ;"Harika bir ekip oluşturma etkinliği, sinema salonları veya ""Bu melodiyi adlandırın"" gibi bir grup oyunu oynamak olacaktır. Ayrıca çöpçü avı veya parkta piknik gibi açık hava etkinlikleri de yapabilirsiniz. Ayrıca grubun birlikte tamamlaması için bir proje tasarlayabilir veya her ekip üyesine tamamlaması için bir görev atayabilir ve grubun bir sorunu çözmek için bir sunum hazırlamasını sağlayabilirsiniz."
